{"cameraMode":{"drawMode":0,"name":"Shaded","section":"Shading Mode"},"sceneLighting":true,"audioPlay":false,"sceneViewState":{"showFog":true,"showMaterialUpdate":false,"showSkybox":true,"showFlares":true,"showImageEffects":true,"showParticleSystems":true,"showVisualEffectGraphs":true,"m_FxEnabled":true},"in2DMode":false,"pivot":{"x":-1.0482949018478394,"y":88.07756042480469,"z":-14.747451782226563},"rotation":{"x":0.0006515144486911595,"y":0.9958645105361939,"z":0.09047502279281616,"w":-0.007174242287874222},"size":11.417332649230957,"orthographic":false}